subset,bucket,val,count,std,min,max,mean,median,p25,p75
af-en,0.0-20.0,0,126607,0.6159559172476572,0.1,10.0,1.09267674606908,1.0,0.8333333333333334,1.1666666666666667
af-en,20.0-50.0,0,107975,0.33298796594477426,0.1,9.28125,0.9127161345435238,0.9090909090909091,0.7666666666666667,1.0434782608695652
af-en,50.0-120.0,0,33148,0.26211387013365595,0.1,6.9423076923076925,0.8973985376028114,0.9177276390008058,0.8111111111111111,1.015625
af-en,120.0-500.0,0,6559,0.14624786358575576,0.104,1.8613138686131387,0.9093023606927617,0.9169435215946844,0.8581824917963374,0.9752780833638919
af-en,500.0-∞,0,163,0.10236148986643404,0.5432977461447213,1.3259604190919674,0.9268631860273496,0.9341216216216216,0.8851909306223078,0.9683082717493652
am-en,0.0-20.0,0,28847,1.0921775539570657,0.1,9.88888888888889,1.6734406548486767,1.375,1.0,2.0
am-en,20.0-50.0,0,19324,0.6760928948568661,0.10714285714285714,9.8,1.5258817353280807,1.48,1.125,1.8518518518518519
am-en,50.0-120.0,0,27553,0.43354403415815096,0.1,7.538461538461538,1.5978523645050104,1.5737704918032787,1.3461538461538463,1.8101265822784811
am-en,120.0-500.0,0,12769,0.3772291522534704,0.1,7.252032520325203,1.4009505077958933,1.4090909090909092,1.1492063492063491,1.638036809815951
am-en,500.0-∞,0,45,0.38775172818822556,0.2421602787456446,1.9171817058096414,0.721236688532442,0.5661310259579728,0.4835766423357664,0.789198606271777
an-en,0.0-20.0,0,2863,0.2434041565769837,0.16666666666666666,3.3333333333333335,0.8626318563612224,0.8461538461538461,0.7142857142857143,1.0
an-en,20.0-50.0,0,3040,0.22167490489409433,0.175,4.8076923076923075,0.8275342741505872,0.8333333333333334,0.6923076923076923,0.9615384615384616
an-en,50.0-120.0,0,1008,0.15259526484020303,0.15384615384615385,1.32,0.8643527116330672,0.8653846153846154,0.7894736842105263,0.96
an-en,120.0-500.0,0,41,0.15790360820055557,0.11180124223602485,1.1056910569105691,0.9180702120371204,0.9086021505376344,0.875,1.0387596899224807
an-en,500.0-∞,0,6,0.0,0.9272976680384087,0.9272976680384087,0.9272976680384087,0.9272976680384087,0.9272976680384087,0.9272976680384087
as-en,0.0-20.0,0,57950,0.6262497382659812,0.1111111111111111,10.0,1.0257259159897016,1.0,0.7647058823529411,1.125
as-en,20.0-50.0,0,58995,0.3024456157983643,0.1,8.8,0.866927740012779,0.8571428571428571,0.7,1.0
as-en,50.0-120.0,0,18612,0.243729936956305,0.10714285714285714,5.3125,0.8820459777784707,0.8852459016393442,0.7647058823529411,1.0
as-en,120.0-500.0,0,2558,0.15211464908309363,0.10945273631840796,1.7202797202797202,0.9466136054527878,0.9563953488372093,0.8645841545132046,1.0294572945729459
as-en,500.0-∞,0,32,0.07386911599008927,0.8899835796387521,1.1768060836501901,0.9880521710334214,1.0,0.9001919385796545,1.0376863898960653
az-en,0.0-20.0,0,19812,0.8285878662935079,0.2,9.818181818181818,1.2766854924149418,1.0,0.8333333333333334,1.4285714285714286
az-en,20.0-50.0,0,52858,0.4369795811886657,0.1,8.909090909090908,1.1048330730601037,1.0416666666666667,0.8333333333333334,1.28125
az-en,50.0-120.0,0,111225,0.35403763520274706,0.102803738317757,9.924528301886792,0.9648615550970935,0.9411764705882353,0.7413793103448276,1.1428571428571428
az-en,120.0-500.0,0,76429,0.30685387346497095,0.10067114093959731,5.880597014925373,0.8331004715048558,0.8291139240506329,0.6176470588235294,1.026143790849673
az-en,500.0-∞,0,1497,0.27951087726407764,0.10018214936247723,2.3366533864541834,0.6296317392046665,0.6262425447316103,0.40472673559822747,0.8350877192982457
be-en,0.0-20.0,0,34795,0.9763709426975216,0.1,10.0,1.1593751432613328,1.0,0.7222222222222222,1.2
be-en,20.0-50.0,0,25023,0.5122537522266524,0.1,9.709677419354838,0.7711928843505461,0.75,0.45454545454545453,0.96875
be-en,50.0-120.0,0,5066,0.489829281747341,0.1,9.882352941176471,0.8317430849507758,0.865762650163815,0.5884978991596639,1.0389295170848567
be-en,120.0-500.0,0,1289,0.3192598510465242,0.10106382978723404,2.297872340425532,0.9415778008546162,0.9733333333333334,0.8376068376068376,1.0995475113122173
be-en,500.0-∞,0,40,0.19639540102736897,0.4870395634379263,1.32,0.9974596957249737,1.015178291583287,0.936302979174365,1.1094761765433259
bg-en,0.0-20.0,0,349250,0.6991828345603145,0.1,10.0,1.3113608276528101,1.1578947368421053,0.9411764705882353,1.5
bg-en,20.0-50.0,0,464413,0.3816141887292656,0.1,9.342105263157896,1.1323886491167268,1.0769230769230769,0.9047619047619048,1.2903225806451613
bg-en,50.0-120.0,0,157921,0.2783245600800938,0.1,6.649122807017544,1.053591557921398,1.0303030303030303,0.9,1.1818181818181819
bg-en,120.0-500.0,0,26807,0.19348195999390602,0.1,7.502415458937198,0.9694870681662188,0.9606741573033708,0.8814814814814815,1.0456285943073451
bg-en,500.0-∞,0,377,0.13323498911629209,0.10982658959537572,1.3513097072419107,0.9169928175721689,0.9310344827586207,0.884020618556701,0.9822834645669292
bn-en,0.0-20.0,0,250517,0.6748369491748688,0.1,10.0,1.205646227341942,1.0555555555555556,0.875,1.3529411764705883
bn-en,20.0-50.0,0,329206,0.3866954907875051,0.1,9.7,1.027579958298735,0.9777777777777777,0.8076923076923077,1.1818181818181819
bn-en,50.0-120.0,0,241799,0.3377581583691791,0.1,9.067796610169491,1.0188360301222172,0.9803921568627451,0.8356164383561644,1.146067415730337
bn-en,120.0-500.0,0,174227,0.2423258638341242,0.10040160642570281,6.08,0.9405612613174051,0.9226190476190477,0.8007968127490039,1.0551724137931036
bn-en,500.0-∞,0,2704,0.24615685430179532,0.1553784860557769,1.6367265469061876,0.6357813367560601,0.5923253871265997,0.44387833121446907,0.834563608875005
br-en,0.0-20.0,0,77445,0.8315917029918061,0.1,10.0,1.1115540387993375,1.0,0.7222222222222222,1.2
br-en,20.0-50.0,0,59567,0.43722814265271814,0.1,9.962962962962964,0.8416615791973214,0.7916666666666666,0.5952380952380952,1.0
br-en,50.0-120.0,0,13585,0.3963792068081694,0.1,9.067796610169491,0.7396458296407359,0.7857142857142857,0.5047619047619047,0.9571428571428572
br-en,120.0-500.0,0,1098,0.1772056446742309,0.104,1.6473988439306357,0.8768171832786076,0.8996138996138996,0.8111501316944688,0.9705882352941176
br-en,500.0-∞,0,14,0.0886816282610204,0.7262969588550984,1.0289256198347108,0.918207303855937,0.9374296802677491,0.8823353508230493,0.9693480279586894
ca-en,0.0-20.0,0,338855,0.6377336296683512,0.1,10.0,1.1933217748094822,1.0,0.8823529411764706,1.3333333333333333
ca-en,20.0-50.0,0,429164,0.32992512693974824,0.1,9.904761904761905,0.990797944279208,0.9615384615384616,0.8095238095238095,1.1333333333333333
ca-en,50.0-120.0,0,181764,0.25446487002836804,0.1,6.764705882352941,0.9258916497362428,0.9245283018867925,0.8103448275862069,1.0422535211267605
ca-en,120.0-500.0,0,45584,0.17223574881747392,0.1,3.6136363636363638,0.9024957398589538,0.8984771573604061,0.8253968253968254,0.9736842105263158
ca-en,500.0-∞,0,1258,0.0902993316969246,0.20840950639853748,2.0700729927007298,0.8888243605641797,0.8869633472117944,0.8458102845510466,0.9334758837564179
cs-en,0.0-20.0,0,364524,0.6327661114896053,0.1,10.0,1.2603982677290897,1.105263157894737,1.0,1.4285714285714286
cs-en,20.0-50.0,0,432589,0.3371381107604212,0.1,9.6,1.118876868089633,1.0666666666666667,0.9333333333333333,1.2619047619047619
cs-en,50.0-120.0,0,156625,0.2609643429995111,0.1,8.785714285714286,1.0656505276007795,1.0505050505050506,0.9333333333333333,1.1864406779661016
cs-en,120.0-500.0,0,43906,0.2029952695819486,0.1,7.184523809523809,1.0488566399127224,1.0444444444444445,0.9583333333333334,1.143884892086331
cs-en,500.0-∞,0,688,0.2107519278467116,0.13435897435897437,1.782010582010582,0.9620124492639786,1.0,0.8837697880091555,1.089206082946764
cy-en,0.0-20.0,0,162334,0.5272576362844825,0.1,10.0,1.0249926177906166,1.0,0.8235294117647058,1.0555555555555556
cy-en,20.0-50.0,0,90801,0.3247715838084753,0.1,9.818181818181818,0.8666153431756821,0.8780487804878049,0.7142857142857143,1.0
cy-en,50.0-120.0,0,28493,0.2959295081676606,0.1,9.537037037037036,0.8226366455374108,0.8727272727272727,0.7419354838709677,0.9833333333333333
cy-en,120.0-500.0,0,5959,0.19783428608959824,0.10144927536231885,3.642857142857143,0.9339858958010661,0.9338842975206612,0.861271676300578,0.9948324376225213
cy-en,500.0-∞,0,97,0.1610609483890676,0.5668789808917197,1.7772861356932153,0.9772633539412938,0.9539568345323741,0.9155172413793103,0.9902912621359223
da-en,0.0-20.0,0,276079,0.7663198804771628,0.1,10.0,1.2912773071251664,1.0625,0.9230769230769231,1.4166666666666667
da-en,20.0-50.0,0,413085,0.454041452020416,0.1,9.95,1.144073231211293,1.05,0.8918918918918919,1.2962962962962963
da-en,50.0-120.0,0,183267,0.3394503840094029,0.1,8.864406779661017,1.0791797859936236,1.0344827586206897,0.9137931034482759,1.182608695652174
da-en,120.0-500.0,0,123584,0.1992019945515662,0.1,5.338983050847458,0.9953550653575488,0.9933774834437086,0.9099099099099099,1.077922077922078
da-en,500.0-∞,0,2152,0.2061050492542018,0.10485436893203884,3.3121272365805168,0.9342488243726403,0.9694947291893856,0.8932546310355298,1.0277365236523652
de-en,0.0-20.0,0,192621,0.6847937373423887,0.1,10.0,1.1423189414295483,1.0,0.8888888888888888,1.1666666666666667
de-en,20.0-50.0,0,376645,0.35017186455534044,0.1,9.703703703703704,0.9833210627538845,0.9714285714285714,0.8148148148148148,1.0612244897959184
de-en,50.0-120.0,0,246446,0.31117087542329724,0.1,9.026315789473685,0.9572186428026501,0.9365079365079365,0.8095238095238095,1.037037037037037
de-en,120.0-500.0,0,178018,0.23354960846788525,0.1003584229390681,9.31858407079646,0.9096574255765669,0.9022641831852358,0.8075313807531381,1.0
de-en,500.0-∞,0,4633,0.2516612948661884,0.10265087422447829,6.529644268774703,0.8559982557060054,0.8793418647166362,0.7760141093474426,0.9611650485436893
dz-en,0.0-20.0,0,281,0.9743097672551027,0.2222222222222222,8.714285714285714,1.1034419054246793,0.8,0.6666666666666666,1.1428571428571428
dz-en,20.0-50.0,0,190,0.18186959463120056,0.25,1.2857142857142858,0.7594397073248104,0.75,0.631159420289855,0.8662162162162163
dz-en,50.0-120.0,0,121,0.21801511170525925,0.44594594594594594,2.595505617977528,0.7780102483777128,0.7536231884057971,0.6666666666666666,0.8470588235294118
dz-en,120.0-500.0,0,13,0.10371104907145891,0.6111111111111112,0.904,0.7649301892155429,0.7723577235772358,0.672,0.8442622950819673
ar-en,0.0-20.0,0,334171,0.7843528763995915,0.1,10.0,1.4667946267417282,1.3125,1.0,1.6666666666666667
ar-en,20.0-50.0,0,419068,0.416038387930426,0.1,9.833333333333334,1.2474866226800332,1.2058823529411764,1.0,1.4285714285714286
ar-en,50.0-120.0,0,153747,0.36255690854540107,0.1,9.6,1.1995163740024561,1.1785714285714286,1.011764705882353,1.3518518518518519
ar-en,120.0-500.0,0,88802,0.29372736668173177,0.10071942446043165,9.470967741935484,1.182828661246973,1.1818181818181819,1.047337278106509,1.3096774193548386
ar-en,500.0-∞,0,1980,0.43193227412212815,0.1038961038961039,8.870676691729324,1.060445844752338,1.1079553804776228,0.9402956128925178,1.2258401763990268
el-en,0.0-20.0,0,303956,0.7459369885135664,0.1,10.0,1.2684556828879774,1.1,0.875,1.4285714285714286
el-en,20.0-50.0,0,450973,0.39039685373509714,0.1,9.95,1.0420351277052289,1.0,0.8222222222222222,1.1851851851851851
el-en,50.0-120.0,0,187451,0.2947734842794388,0.1,9.45,0.9539603628253513,0.9298245614035088,0.8076923076923077,1.0666666666666667
el-en,120.0-500.0,0,54873,0.23514466707872508,0.10086455331412104,5.680272108843537,0.904391158387696,0.8872180451127819,0.8099173553719008,0.970873786407767
el-en,500.0-∞,0,1064,0.19389867892541085,0.10744985673352435,3.4060606060606062,0.8392706111938574,0.8600932090545939,0.7975514069264069,0.9175912656218699
en-eo,0.0-20.0,0,129237,1.097309667485673,0.1,10.0,1.470755519158243,1.1428571428571428,1.0,1.5
en-eo,20.0-50.0,0,159596,0.29922717756803696,0.1,7.541666666666667,1.0214259840767748,1.0,0.8636363636363636,1.1515151515151516
en-eo,50.0-120.0,0,40613,0.24198326155101593,0.1,6.66,0.9426220020221726,0.9565217391304348,0.8309859154929577,1.0694444444444444
en-eo,120.0-500.0,0,6197,0.20003132862213238,0.10047846889952153,2.0677083333333335,0.9322938440512543,0.9533678756476683,0.8661971830985915,1.0330882352941178
en-eo,500.0-∞,0,147,0.1506609964489388,0.13764510779436154,1.1481481481481481,0.9154713313284855,0.9490131578947368,0.8897701027369986,1.0
en-es,0.0-20.0,0,261509,0.5823607139282244,0.1,10.0,1.171020659947747,1.0588235294117647,0.9090909090909091,1.2857142857142858
en-es,20.0-50.0,0,387356,0.3194390096151051,0.1,9.758620689655173,1.0158880748011934,1.0,0.8478260869565217,1.1481481481481481
en-es,50.0-120.0,0,210499,0.28633791138580095,0.1,9.481481481481481,1.0351053600729025,1.025974025974026,0.9,1.1512605042016806
en-es,120.0-500.0,0,136571,0.2232377256960227,0.10106382978723404,8.104529616724738,1.0898833502958005,1.0857142857142856,0.9957983193277311,1.17989417989418
en-es,500.0-∞,0,2957,0.3104140691635162,0.10114942528735632,9.350574712643677,1.0350392530525026,1.0751592356687898,0.9867256637168141,1.149025069637883
en-et,0.0-20.0,0,301581,0.6051578793198629,0.1,10.0,1.163216617207541,1.0,0.8947368421052632,1.2666666666666666
en-et,20.0-50.0,0,417236,0.2982174942602624,0.1,9.954545454545455,0.9566158874414971,0.95,0.7857142857142857,1.0909090909090908
en-et,50.0-120.0,0,187941,0.24517510044066299,0.1,9.01388888888889,0.9000787506516081,0.9036144578313253,0.7692307692307693,1.0188679245283019
en-et,120.0-500.0,0,86281,0.1859089943225718,0.10074626865671642,8.85,0.9201534983478127,0.9166666666666666,0.828125,1.0024875621890548
en-et,500.0-∞,0,5868,0.15225026501421773,0.10338345864661654,2.6758747697974217,0.9482776931060868,0.9714985663062006,0.8931394401416035,1.023957222541219
en-eu,0.0-20.0,0,328028,0.8594955053346005,0.1,10.0,1.3598148233513905,1.1538461538461537,1.0,1.4736842105263157
en-eu,20.0-50.0,0,364300,0.40013685353641104,0.1,9.863636363636363,1.0744092888802392,1.0434782608695652,0.8571428571428571,1.2380952380952381
en-eu,50.0-120.0,0,203617,0.3411736463358529,0.1,8.728571428571428,1.01009918096855,1.0,0.8363636363636363,1.1454545454545455
en-eu,120.0-500.0,0,99902,0.284586435632243,0.10047846889952153,8.128048780487806,0.9657634136911301,0.9724409448818898,0.8342857142857143,1.098360655737705
en-eu,500.0-∞,0,1862,0.23034816307869396,0.10310965630114566,2.254416961130742,0.9583973623068822,1.0122055355525377,0.8842618601747816,1.0937896070975919
en-fa,0.0-20.0,0,286025,0.6828514742400762,0.1,10.0,1.0701811687996765,0.9411764705882353,0.7368421052631579,1.2
en-fa,20.0-50.0,0,457533,0.38003612041476553,0.1,10.0,0.92431967630052,0.8823529411764706,0.7297297297297297,1.0512820512820513
en-fa,50.0-120.0,0,199182,0.46225945297470417,0.1,9.972972972972974,0.9143050181986527,0.868421052631579,0.7358490566037735,1.0098039215686274
en-fa,120.0-500.0,0,53516,0.6544310883212537,0.1,9.341666666666667,1.0031451498529387,0.8652482269503546,0.7377777777777778,1.0159574468085106
en-fa,500.0-∞,0,1058,0.5488305536749896,0.10843373493975904,4.887067395264117,0.9266354767467145,0.8262216128440303,0.6881763834848222,0.9776294451523224
en-fi,0.0-20.0,0,251946,0.7148828487631395,0.1,10.0,1.2344066225238013,1.0714285714285714,0.8947368421052632,1.368421052631579
en-fi,20.0-50.0,0,437475,0.3295873631419236,0.1,9.80952380952381,0.8978333783287469,0.875,0.6956521739130435,1.0588235294117647
en-fi,50.0-120.0,0,228184,0.3028630510684514,0.1,9.22,0.8146925025061611,0.8108108108108109,0.6181818181818182,0.9833333333333333
en-fi,120.0-500.0,0,79972,0.240623569486968,0.10236220472440945,6.86231884057971,0.954093296128407,0.9738761654908357,0.8552631578947368,1.0778720443286858
en-fi,500.0-∞,0,996,0.2373335934883133,0.1267056530214425,2.5386313465783665,0.9560570551336082,0.9948979591836735,0.8989207696314225,1.0647270900800399
en-fr,0.0-20.0,0,181701,0.6944740499919725,0.1,10.0,1.273908837966792,1.125,1.0,1.411764705882353
en-fr,20.0-50.0,0,307684,0.4089116255828284,0.1,10.0,1.0717236410278588,1.0357142857142858,0.8620689655172413,1.2195121951219512
en-fr,50.0-120.0,0,247786,0.36300439409477475,0.1,9.582417582417582,1.1070940254651802,1.0823529411764705,0.9354838709677419,1.2391304347826086
en-fr,120.0-500.0,0,254779,0.24948433887674146,0.1,9.671140939597315,1.1287271552021918,1.1213592233009708,1.0150375939849625,1.233644859813084
en-fr,500.0-∞,0,6763,0.27508283511672926,0.11275964391691394,9.838038632986628,1.0649737149514211,1.0881529850746268,0.9929395954040174,1.1761316208832904
en-fy,0.0-20.0,0,32754,1.0616578877799359,0.1,10.0,1.5183166910558925,1.1818181818181819,1.0,1.6
en-fy,20.0-50.0,0,15087,0.42664732833280405,0.10204081632653061,9.791666666666666,1.146553191293287,1.1111111111111112,0.96,1.2941176470588236
en-fy,50.0-120.0,0,4258,0.32736335681331896,0.1,8.254901960784315,1.0849062964854503,1.0875,0.9661016949152542,1.2115384615384615
en-fy,120.0-500.0,0,1759,0.23143894751491567,0.10493827160493827,4.432203389830509,1.0812132570325566,1.0879396984924623,0.9956092153460574,1.1752817840261787
en-fy,500.0-∞,0,114,0.15220252099355355,0.2725752508361204,1.516724336793541,1.051863862383873,1.0531205799151344,0.9930063237295825,1.120186925415184
en-ga,0.0-20.0,0,145311,1.260153000696724,0.1,10.0,1.59226096583481,1.2,1.0,1.6
en-ga,20.0-50.0,0,56912,0.45731547325000405,0.1,9.285714285714286,1.1572478068810372,1.1290322580645162,0.9375,1.3214285714285714
en-ga,50.0-120.0,0,32635,0.3017384482450768,0.1,7.802631578947368,1.0677607365993276,1.0632911392405062,0.9466666666666667,1.1896551724137931
en-ga,120.0-500.0,0,50723,0.1909336962797752,0.1,9.783333333333333,1.0682170064118628,1.0597014925373134,0.9805825242718447,1.1476510067114094
en-ga,500.0-∞,0,1526,0.1638988730881183,0.11605723370429252,3.3247011952191237,1.0495116527431703,1.0569331243469176,0.9930585644136337,1.1273831511979888
en-gd,0.0-20.0,0,7946,0.6710526948444688,0.25,9.666666666666666,1.4061981980362501,1.1111111111111112,1.0,1.6
en-gd,20.0-50.0,0,6190,0.3654826659636337,0.2857142857142857,7.934782608695652,1.2737203692965782,1.16,1.0,1.4583333333333333
en-gd,50.0-120.0,0,1799,0.23743180956676285,0.3880597014925373,3.3225806451612905,1.218668156982318,1.1785714285714286,1.0,1.3661971830985915
en-gd,120.0-500.0,0,360,0.18399485458605508,0.7263681592039801,2.0,1.2430961932305689,1.219712525667351,1.127522295046739,1.336831789023521
en-gd,500.0-∞,0,20,0.10308022087940764,0.8745247148288974,1.3056957462148522,1.1576091235989874,1.169747205436979,1.1325038083367955,1.2132097334878331
en-gl,0.0-20.0,0,194795,0.9897957732558008,0.1111111111111111,10.0,1.4070230840526052,1.125,0.9444444444444444,1.5
en-gl,20.0-50.0,0,217588,0.373564011890312,0.1,10.0,1.0282981859210376,1.0,0.8157894736842105,1.1818181818181819
en-gl,50.0-120.0,0,82441,0.2631288781737942,0.1,7.549019607843137,0.958877811682291,0.9634146341463414,0.821917808219178,1.09375
en-gl,120.0-500.0,0,18598,0.1984674175648468,0.1,3.50314465408805,0.9804689617736211,1.0,0.8957345971563981,1.0909090909090908
en-gl,500.0-∞,0,662,0.1033615823216235,0.16085271317829458,1.3045186640471513,1.0347846941067713,1.0370411825448977,0.9934771131408057,1.0911417052471344
en-gu,0.0-20.0,0,172980,0.9844908640750663,0.14285714285714285,10.0,1.3836091037946416,1.105263157894737,0.9411764705882353,1.4705882352941178
en-gu,20.0-50.0,0,107938,0.2783027746106192,0.1,8.047619047619047,1.0657625000450226,1.0357142857142858,0.9069767441860465,1.186046511627907
en-gu,50.0-120.0,0,30291,0.17733727922944226,0.1,4.128205128205129,1.005080523827228,1.0,0.9,1.1
en-gu,120.0-500.0,0,5846,0.13447458354327824,0.10067114093959731,1.893939393939394,0.9840417123130208,0.9938269252753116,0.9206349206349206,1.0584415584415585
en-gu,500.0-∞,0,84,0.08204301370200928,0.6350877192982456,1.2220367278797997,0.9755501871953562,1.0,0.9690565118936458,1.0009191176470589
en-ha,0.0-20.0,0,4684,1.3979716953304655,0.18181818181818182,10.0,1.7571967883718265,1.4,1.0,1.8333333333333333
en-ha,20.0-50.0,0,23042,0.39633194475366,0.10256410256410256,9.88888888888889,1.2045143963883829,1.1612903225806452,0.9583333333333334,1.3863636363636365
en-ha,50.0-120.0,0,41646,0.26260455716635195,0.1,4.387096774193548,1.0438902082903665,1.0336606552733454,0.8831168831168831,1.186217510259918
en-ha,120.0-500.0,0,28278,0.2129163255306845,0.1036036036036036,2.6914893617021276,0.9575553598632791,0.9694889219884565,0.83630329847144,1.0886075949367089
en-ha,500.0-∞,0,204,0.26077242628459235,0.11708860759493671,1.1450094161958568,0.714199601310718,0.7594498381877023,0.5270543792556664,0.9163965201465201
en-he,0.0-20.0,0,310238,0.5918796317932521,0.1,10.0,0.9709154860196877,0.875,0.7058823529411765,1.0555555555555556
en-he,20.0-50.0,0,476270,0.25083882057697693,0.1,9.666666666666666,0.7903447228761666,0.7692307692307693,0.6451612903225806,0.9047619047619048
en-he,50.0-120.0,0,196166,0.17809092636805116,0.1,3.625,0.7377790707291751,0.7384615384615385,0.6395348837209303,0.8354430379746836
en-he,120.0-500.0,0,15653,0.16016174442332137,0.10294117647058823,2.767741935483871,0.6950606289654491,0.7086092715231788,0.6137931034482759,0.7906976744186046
en-he,500.0-∞,0,12,0.19024563113385068,0.3738140417457306,1.103448275862069,0.8688646704842545,0.8946737423250377,0.8007533262646647,0.9868820501173442
en-hi,0.0-20.0,0,178018,1.0695390530086581,0.1,10.0,1.367246888112997,1.0833333333333333,0.8947368421052632,1.4285714285714286
en-hi,20.0-50.0,0,164289,0.35883689266915586,0.1,9.964285714285714,1.0580570190806278,1.027027027027027,0.8636363636363636,1.2045454545454546
en-hi,50.0-120.0,0,105545,0.290051476200225,0.1,5.418367346938775,1.025450537820879,1.010204081632653,0.8591549295774648,1.1728395061728396
en-hi,120.0-500.0,0,82673,0.23018587220351003,0.10067114093959731,4.282258064516129,1.0347038217812372,1.0317460317460319,0.9025157232704403,1.1677215189873418
en-hi,500.0-∞,0,1711,0.20318049767601892,0.10124333925399645,1.5335753176043556,0.9658672562482031,0.9843081312410842,0.8707231346385153,1.0887005649717514
en-hr,0.0-20.0,0,311084,0.6211575638145636,0.1,10.0,1.1019892549283552,1.0,0.8181818181818182,1.2
en-hr,20.0-50.0,0,478115,0.2816496164768339,0.1,7.857142857142857,0.8878980147663069,0.875,0.72,1.0344827586206897
en-hr,50.0-120.0,0,190965,0.22846289232075762,0.1,4.26,0.8218972107064267,0.8363636363636363,0.6842105263157895,0.9636363636363636
en-hr,120.0-500.0,0,18566,0.21180862257589297,0.10144927536231885,2.725806451612903,0.8443852998274161,0.8741258741258742,0.7299270072992701,0.9807692307692307
en-hr,500.0-∞,0,41,0.09979822556813943,0.7263969171483622,1.1511194029850746,0.9957984914068491,1.016453382084095,0.9592641261498029,1.0501835985312118
en-hu,0.0-20.0,0,314260,0.6189240143545374,0.1,10.0,1.1413019620119023,1.0,0.8333333333333334,1.2727272727272727
en-hu,20.0-50.0,0,460683,0.3014302646255154,0.1,9.153846153846153,0.9381025689810549,0.9130434782608695,0.7586206896551724,1.0833333333333333
en-hu,50.0-120.0,0,185664,0.237220853597703,0.1,9.803030303030303,0.9164765667675612,0.9166666666666666,0.7831325301204819,1.0476190476190477
en-hu,120.0-500.0,0,37519,0.20297388317382567,0.10071942446043165,7.316666666666666,0.991672702732145,1.0,0.8933333333333333,1.099584346596299
en-hu,500.0-∞,0,531,0.19297861870769747,0.11833550065019506,3.0277349768875195,1.0091672942583212,1.0193423597678917,0.9559938524590164,1.0863291425982557
en-hy,0.0-20.0,0,3079,1.652073008428709,0.125,10.0,1.8338805998715533,1.25,0.9230769230769231,2.0
en-hy,20.0-50.0,0,2832,0.3674376089475187,0.1,4.391304347826087,1.044874452276457,1.0408163265306123,0.8518518518518519,1.25
en-hy,50.0-120.0,0,977,0.27566841899249395,0.1044776119402985,2.3333333333333335,1.0040698003687398,1.0,0.8448275862068966,1.1587301587301588
en-hy,120.0-500.0,0,96,0.2289346508952417,0.1968503937007874,1.4825174825174825,0.9228354952722894,0.9321976724574128,0.7967213114754099,1.0806451612903225
en-id,0.0-20.0,0,357020,0.593142590058516,0.1,10.0,1.2050973206424886,1.0666666666666667,0.9333333333333333,1.3636363636363635
en-id,20.0-50.0,0,462514,0.4326976549908984,0.1,10.0,1.1029623195208624,1.064516129032258,0.9,1.2439024390243902
en-id,50.0-120.0,0,160977,0.5559663340799479,0.1,9.982142857142858,1.1180568950258465,1.0454545454545454,0.9026548672566371,1.196969696969697
en-id,120.0-500.0,0,17801,0.6904174430946218,0.10062893081761007,8.620967741935484,1.2934053828714585,1.1111111111111112,0.9562043795620438,1.375
en-id,500.0-∞,0,65,0.5700866177091938,0.2572614107883817,2.9015625,1.1114082205292473,1.0707070707070707,0.786910197869102,1.2
en-ig,0.0-20.0,0,8135,0.6656135847120023,0.1111111111111111,9.666666666666666,1.3458468035652011,1.1875,1.0,1.5454545454545454
en-ig,20.0-50.0,0,7120,0.3113448578920667,0.10204081632653061,5.142857142857143,1.1156194173379872,1.0689655172413792,0.95,1.25
en-ig,50.0-120.0,0,2387,0.19825084789353295,0.22580645161290322,1.7692307692307692,1.0034349049500104,1.0169491525423728,0.891566265060241,1.1372549019607843
en-ig,120.0-500.0,0,712,0.16548445361153963,0.5440414507772021,1.8943089430894309,1.0270990503558104,1.0272108843537415,0.96,1.0972972972972972
en-ig,500.0-∞,0,23,0.14985486868576128,0.594913714804723,1.0137867647058822,0.7531751446715181,0.6647058823529411,0.6647058823529411,0.903954802259887
en-is,0.0-20.0,0,339860,0.7271552679767953,0.1,10.0,1.240195350870498,1.0909090909090908,0.9090909090909091,1.3571428571428572
en-is,20.0-50.0,0,487504,0.2924617205864729,0.1,7.956521739130435,0.9390623100480335,0.9259259259259259,0.7619047619047619,1.0869565217391304
en-is,50.0-120.0,0,159888,0.22685295394875069,0.1,5.413793103448276,0.8446603840331568,0.8539325842696629,0.7142857142857143,0.9814814814814815
en-is,120.0-500.0,0,11505,0.2093772952853927,0.1,3.463636363636364,0.8304339858857805,0.8473282442748091,0.7241379310344828,0.9568345323741008
en-is,500.0-∞,0,70,0.2502163366869724,0.17391304347826086,2.0015680125441,0.9404306874153393,0.9746922348484849,0.8806452628723136,1.0221798396778066
en-it,0.0-20.0,0,274527,0.7039441871155737,0.1,10.0,1.2353572113051172,1.0714285714285714,0.9230769230769231,1.3571428571428572
en-it,20.0-50.0,0,397559,0.3522308232394807,0.1,10.0,1.0549364578245588,1.027027027027027,0.8636363636363636,1.2
en-it,50.0-120.0,0,212736,0.30784421422826863,0.1,9.981481481481481,1.0504654860392006,1.0357142857142858,0.9076923076923077,1.1690140845070423
en-it,120.0-500.0,0,111213,0.25007762048578963,0.1,7.642384105960265,1.0633663323867533,1.0593607305936072,0.9653179190751445,1.1589403973509933
en-it,500.0-∞,0,2029,0.31313176186232555,0.10012210012210013,9.82425068119891,0.9951056472899525,1.0277227722772277,0.9349804941482445,1.105643994211288
en-ja,0.0-20.0,0,287782,0.6162514042956776,0.1,10.0,0.6732736749170005,0.5555555555555556,0.4,0.75
en-ja,20.0-50.0,0,488700,0.1988293901553586,0.1,9.1,0.41804284994249485,0.3902439024390244,0.2972972972972973,0.5
en-ja,50.0-120.0,0,197015,0.16927880044608506,0.1,8.347368421052632,0.35735722166656125,0.3387096774193548,0.25806451612903225,0.42857142857142855
en-ja,120.0-500.0,0,22076,0.19647169284255148,0.1,4.9714285714285715,0.4184552924202539,0.41030061892130854,0.30303030303030304,0.5027701472267663
en-ja,500.0-∞,0,337,0.10031446021040398,0.1042830540037244,0.8710217755443886,0.4469063593922947,0.4442307692307692,0.39728682170542634,0.5073891625615764
en-ka,0.0-20.0,0,128636,0.8153211334666223,0.1,10.0,1.2568978251255063,1.0555555555555556,0.8333333333333334,1.3846153846153846
en-ka,20.0-50.0,0,182113,0.3081294809975612,0.1,6.882352941176471,0.900958019006677,0.8787878787878788,0.7096774193548387,1.0526315789473684
en-ka,50.0-120.0,0,62717,0.24045533380797868,0.1,4.866666666666666,0.7993260371602969,0.8076923076923077,0.64,0.9545454545454546
en-ka,120.0-500.0,0,3166,0.22709156043795178,0.10154525386313466,1.9944444444444445,0.7551898330859577,0.7721518987341772,0.6056852061272746,0.9166666666666666
en-ka,500.0-∞,0,8,0.1646523152634288,0.6701754385964912,1.0986132511556241,0.9737801765619396,1.0371632205513786,0.9528812709030101,1.0853146551352097
en-kk,0.0-20.0,0,48336,1.2510669821004874,0.1,10.0,1.7206577091439053,1.2727272727272727,1.0,1.9
en-kk,20.0-50.0,0,22465,0.41074857449034263,0.10256410256410256,8.6,1.1006538408104403,1.05,0.88,1.25
en-kk,50.0-120.0,0,6155,0.25297840565535257,0.1,3.960526315789474,0.9568776595374293,0.9504950495049505,0.8267948717948718,1.088235294117647
en-kk,120.0-500.0,0,2302,0.20196725301957924,0.10606060606060606,2.0396825396825395,0.9551649211594708,0.9561509702688268,0.8575529895602657,1.0551588379038828
en-kk,500.0-∞,0,149,0.13360720844202473,0.5643153526970954,1.2429906542056075,0.9408399899900588,0.9553571428571429,0.857707509881423,1.011605415860735
en-km,0.0-20.0,0,60542,1.3499789352126708,0.1111111111111111,10.0,1.8895321011644812,1.4285714285714286,1.0,2.25
en-km,20.0-50.0,0,30365,0.5143743007780823,0.1,9.885714285714286,1.3004189319000687,1.2380952380952381,1.0,1.5
en-km,50.0-120.0,0,11763,0.329041835829181,0.1016949152542373,7.784810126582278,1.2029971510750328,1.1875,1.04,1.3478260869565217
en-km,120.0-500.0,0,7532,0.2209455700348848,0.10377358490566038,3.3726415094339623,1.1596268353042793,1.1637931034482758,1.0579710144927537,1.2741935483870968
en-km,500.0-∞,0,454,0.16707956802238794,0.243531202435312,3.314487632508834,1.1475610489590022,1.138336672213516,1.064152942709972,1.2280365058380456
en-kn,0.0-20.0,0,8377,1.2848394080688141,0.17647058823529413,10.0,1.791175611906533,1.4,1.0,2.0
en-kn,20.0-50.0,0,4263,0.5095047292073571,0.10416666666666667,6.5,1.3108684141249451,1.2173913043478262,1.0,1.48
en-kn,50.0-120.0,0,1311,0.29736487254489286,0.1,4.128205128205129,1.1314784384851873,1.1142857142857143,0.9825968523002422,1.275
en-kn,120.0-500.0,0,428,0.2678231349671591,0.10024449877750612,1.967741935483871,1.0533540146490008,1.0795260390085872,0.9822576832151301,1.1939620081411126
en-kn,500.0-∞,0,15,0.25230961769272653,0.26466480446927376,1.330550918196995,1.0049112296939309,1.0780399274047188,1.0,1.118827656705172
en-ko,0.0-20.0,0,296385,0.8418661842550779,0.1,10.0,0.8280532493241805,0.6,0.4444444444444444,0.8888888888888888
en-ko,20.0-50.0,0,463095,0.30120868266233614,0.1,9.909090909090908,0.5235065896400222,0.4722222222222222,0.36363636363636365,0.6
en-ko,50.0-120.0,0,197364,0.2640128746728066,0.1,9.5875,0.45248046621722865,0.42168674698795183,0.328125,0.5221238938053098
en-ko,120.0-500.0,0,35199,0.2578334174007829,0.10067114093959731,8.472440944881889,0.4794289611790521,0.46153846153846156,0.38193432134758665,0.5344194657163798
en-ko,500.0-∞,0,592,0.19436296801556618,0.10143042912873862,4.4849056603773585,0.45727798687619997,0.4521143537820131,0.3977527482916025,0.5055300435865504
en-ku,0.0-20.0,0,39567,1.0757775741151179,0.14285714285714285,10.0,1.4454078887293944,1.1428571428571428,1.0,1.5625
en-ku,20.0-50.0,0,31155,0.9489339686051252,0.1,9.952380952380953,1.5447759208837017,1.2647058823529411,1.0,1.8108108108108107
en-ku,50.0-120.0,0,34274,0.6340976048671042,0.1,9.75438596491228,1.5682791196447576,1.4736842105263157,1.152542372881356,1.8571428571428572
en-ku,120.0-500.0,0,38363,0.4217528973758746,0.1,5.958333333333333,1.4810274381095678,1.4268292682926829,1.2153846153846153,1.6849315068493151
en-ku,500.0-∞,0,833,0.36924883487816396,0.11605723370429252,4.551792828685259,1.3169783627368192,1.3113367174280879,1.1562998405103668,1.4902255639097743
en-ky,0.0-20.0,0,19242,0.8491834421995085,0.1111111111111111,9.75,1.3192321771985394,1.0,1.0,1.3529411764705883
en-ky,20.0-50.0,0,6170,0.3475596265530523,0.12,5.25,1.1707536271430885,1.1304347826086956,1.0,1.3214285714285714
en-ky,50.0-120.0,0,1239,0.2576336868818838,0.1,1.9420289855072463,1.0155627846915332,1.0229885057471264,0.8688524590163934,1.1778933092224233
en-ky,120.0-500.0,0,493,0.22207429774019122,0.10606060606060606,1.6901408450704225,1.046610063854604,1.0549019607843138,0.9379310344827586,1.1428571428571428
en-ky,500.0-∞,0,16,0.11338207599423947,0.9803921568627451,1.207156308851224,1.0654287138584246,0.9803921568627451,0.9803921568627451,1.207156308851224
en-li,0.0-20.0,0,13801,0.807820699322822,0.1111111111111111,9.75,1.334969649978386,1.1176470588235294,1.0,1.5
en-li,20.0-50.0,0,8906,0.35058898354564255,0.10204081632653061,3.8095238095238093,1.1375758661267332,1.0930232558139534,0.9555555555555556,1.2894736842105263
en-li,50.0-120.0,0,2446,0.31572274252071847,0.1,2.4310344827586206,1.0917244859004058,1.0571480406386067,0.9333333333333333,1.2162162162162162
en-li,120.0-500.0,0,261,0.18982284342894437,0.10880829015544041,1.7983870967741935,1.0537680819857909,1.0528846153846154,0.9922480620155039,1.1640625
en-li,500.0-∞,0,12,0.1402320754808606,0.7611262488646685,1.170391061452514,0.9092755570356649,0.9871323529411765,0.7611262488646685,0.9886936355668096
en-lt,0.0-20.0,0,249141,0.6760931315084829,0.1,10.0,1.2190559483045436,1.0833333333333333,1.0,1.3333333333333333
en-lt,20.0-50.0,0,275435,0.370204698768351,0.1,9.9,0.9868967969109884,0.9705882352941176,0.782608695652174,1.12
en-lt,50.0-120.0,0,224597,0.273153982939871,0.1,8.903846153846153,0.9647612638369686,0.9491525423728814,0.8214285714285714,1.0769230769230769
en-lt,120.0-500.0,0,243916,0.17957921626959275,0.1,9.974683544303797,0.9482762246267415,0.9405940594059405,0.8564593301435407,1.0316455696202531
en-lt,500.0-∞,0,4947,0.1543153397840021,0.10246679316888045,1.951188986232791,0.9278685166169326,0.94,0.8757327601012125,1.0035715310707258
en-lv,0.0-20.0,0,217425,0.6293313044489648,0.1,10.0,1.155582027208471,1.0,0.8888888888888888,1.2307692307692308
en-lv,20.0-50.0,0,224090,0.400116337795705,0.1,9.962962962962964,1.008211611737681,0.975,0.8214285714285714,1.1153846153846154
en-lv,50.0-120.0,0,246847,0.2632934620805743,0.1,9.333333333333334,0.9563800680314162,0.9444444444444444,0.8191489361702128,1.0588235294117647
en-lv,120.0-500.0,0,304012,0.1604999005798247,0.10052910052910052,9.354330708661417,0.9358766604637141,0.9297297297297298,0.8505747126436781,1.0129870129870129
en-lv,500.0-∞,0,6060,0.15089982025633417,0.10854271356783919,2.7310298102981028,0.9142601181145718,0.9231440461806955,0.8604967138523761,0.9855137982545799
en-mg,0.0-20.0,0,93305,0.6914249158358268,0.10526315789473684,9.75,1.3360631276026493,1.0,1.0,1.5333333333333334
en-mg,20.0-50.0,0,104094,0.35470453265919216,0.1,9.181818181818182,1.290400565157386,1.2571428571428571,1.0681818181818181,1.4651162790697674
en-mg,50.0-120.0,0,207878,0.2622380575157668,0.1111111111111111,8.647058823529411,1.245305420425513,1.2352941176470589,1.0886075949367089,1.3904761904761904
en-mg,120.0-500.0,0,184614,0.22078115420519032,0.12941176470588237,4.400921658986175,1.22253803688446,1.230508474576271,1.1137724550898203,1.3475177304964538
en-mg,500.0-∞,0,691,0.3392568303392652,0.15752212389380532,1.5714285714285714,1.0144144021315273,1.1293706293706294,0.8348191593352884,1.2502354048964217
en-mk,0.0-20.0,0,313192,0.7016044132657846,0.1,10.0,1.136903366141364,1.0,0.8,1.25
en-mk,20.0-50.0,0,452750,0.3181403505008105,0.1,8.714285714285714,0.921769148020361,0.9032258064516129,0.7297297297297297,1.0769230769230769
en-mk,50.0-120.0,0,183411,0.2544487222659325,0.1,5.831578947368421,0.8937215856783128,0.9090909090909091,0.75,1.0414518900343643
en-mk,120.0-500.0,0,48959,0.20794050359108132,0.10317460317460317,6.869318181818182,0.994949142658648,1.025,0.9248554913294798,1.109470893706649
en-mk,500.0-∞,0,309,0.21916132204472089,0.17333333333333334,1.6801470588235294,1.0029539476991574,1.0556660039761432,0.9902723735408561,1.1108986615678775
en-ml,0.0-20.0,0,248225,0.9590432311190427,0.1,10.0,1.5023143650476023,1.2857142857142858,1.0,1.6875
en-ml,20.0-50.0,0,327786,0.40656423690944404,0.1,9.952380952380953,1.240091363954108,1.2,0.975609756097561,1.4516129032258065
en-ml,50.0-120.0,0,154958,0.3295122778676128,0.1,4.980392156862745,1.2097294480668512,1.196078431372549,1.0,1.4067796610169492
en-ml,120.0-500.0,0,87812,0.26926692581457196,0.10067114093959731,5.49748743718593,1.2381671065624746,1.2418300653594772,1.0794520547945206,1.4075893777045128
en-ml,500.0-∞,0,1925,0.25059056002799873,0.1317614424410541,1.9073756432246998,1.1682343617556232,1.1837748344370862,1.04093567251462,1.3280575539568344
en-mn,0.0-20.0,0,2641,0.5989796918193374,0.16666666666666666,7.0,1.0978890899369118,1.0,0.8125,1.2
en-mn,20.0-50.0,0,1415,0.2968740116871207,0.28125,1.75,0.7694646721079619,0.7560975609756098,0.5142857142857142,0.9629629629629629
en-mn,50.0-120.0,0,106,0.19450775780800125,0.43,1.603448275862069,0.9115336912391009,0.99,0.7678571428571429,1.0
en-mn,120.0-500.0,0,5,0.22210115350498755,0.7516778523489933,1.3666666666666667,1.0205434790504326,0.9736842105263158,0.9695121951219512,1.0411764705882354
en-mr,0.0-20.0,0,12242,1.1552223388363798,0.21428571428571427,10.0,1.4909312215177284,1.1428571428571428,0.9444444444444444,1.5
en-mr,20.0-50.0,0,12404,0.2985645365866108,0.1,5.2727272727272725,1.0394740343941768,1.0,0.8695652173913043,1.1666666666666667
en-mr,50.0-120.0,0,1968,0.2602373134579225,0.1,4.128205128205129,0.9760970502313088,0.9814814814814815,0.86,1.0897435897435896
en-mr,120.0-500.0,0,203,0.33947942224293015,0.10067114093959731,2.25,0.8607610141613637,0.9669421487603306,0.8317037653422092,1.0434417232626743
en-mr,500.0-∞,0,4,0.026396699117904068,0.9812680115273775,1.0435078178110129,1.0061939573345975,1.0,0.9953170028818443,1.0108769544527532
en-ms,0.0-20.0,0,395096,0.6729135772438694,0.1,10.0,1.2355199708192632,1.0714285714285714,0.9333333333333333,1.375
en-ms,20.0-50.0,0,437721,0.36910128151371235,0.1,9.333333333333334,1.0910294261384725,1.0588235294117647,0.8888888888888888,1.25
en-ms,50.0-120.0,0,144955,0.41351192670380865,0.1,9.56,1.1059246052428842,1.0526315789473684,0.8921568627450981,1.2280701754385965
en-ms,120.0-500.0,0,20792,0.4595258853676536,0.1,5.1,1.3288470037706048,1.2534246575342465,1.007393790849673,1.621650998824912
en-ms,500.0-∞,0,158,0.2789429268639416,0.24452554744525548,1.9,1.0894847246689527,1.041806815180065,0.9808573772073723,1.152086817168339
en-mt,0.0-20.0,0,199858,0.6393229052032693,0.1,10.0,1.2107042199619484,1.0909090909090908,1.0,1.25
en-mt,20.0-50.0,0,215662,0.4433514099530807,0.1,9.95,1.168322780593086,1.0857142857142856,1.0,1.25
en-mt,50.0-120.0,0,267717,0.280736147294402,0.1,9.704918032786885,1.1236064222177005,1.091743119266055,1.01,1.2
en-mt,120.0-500.0,0,307636,0.17547382678188728,0.1,8.40983606557377,1.0858780620274726,1.08,1.014218009478673,1.152
en-mt,500.0-∞,0,6513,0.17765985553203836,0.1104847801578354,3.0298013245033113,1.0444458980113844,1.063013698630137,1.0121786197564275,1.1143344709897611
en-my,0.0-20.0,0,11308,0.6014971690924172,0.1111111111111111,9.666666666666666,1.4628422976328608,1.3333333333333333,1.0588235294117647,1.7142857142857142
en-my,20.0-50.0,0,8756,0.3522667356874656,0.1,6.451612903225806,1.165309643585584,1.1282051282051282,0.9583333333333334,1.3333333333333333
en-my,50.0-120.0,0,3312,0.3243391653008568,0.11475409836065574,3.8846153846153846,1.0423668857249988,1.02803738317757,0.85,1.2264150943396226
en-my,120.0-500.0,0,1177,0.32397791911164153,0.10606060606060606,2.108527131782946,1.0112816822499036,1.0266666666666666,0.7987804878048781,1.2222222222222223
en-my,500.0-∞,0,2,0.31376147401007637,0.678,1.1217257318952234,0.8998628659476118,0.8998628659476118,0.7889314329738059,1.0107942989214176
en-nb,0.0-20.0,0,73179,1.2531673179335134,0.1111111111111111,10.0,1.6668248964122352,1.1666666666666667,1.0,1.8
en-nb,20.0-50.0,0,40529,0.5276879919980917,0.11428571428571428,9.884615384615385,1.1599177777096021,1.0606060606060606,0.9375,1.2333333333333334
en-nb,50.0-120.0,0,16663,0.3312740068149122,0.102803738317757,6.395061728395062,1.0383045182433943,1.0,0.9090909090909091,1.1153846153846154
en-nb,120.0-500.0,0,11154,0.21174379103541827,0.10236220472440945,3.6,0.9883319584919025,0.9865621332049237,0.914536676403765,1.0632911392405062
en-nb,500.0-∞,0,375,0.13402219499170104,0.20432432432432432,1.768270944741533,0.9795544059381408,0.9890965732087228,0.9411461514694597,1.0317304875003195
en-nl,0.0-20.0,0,252530,0.6664698667931372,0.1,10.0,1.218814036437152,1.0714285714285714,0.9285714285714286,1.3333333333333333
en-nl,20.0-50.0,0,432033,0.3282490374388704,0.1,9.8,0.9945309116927922,0.9777777777777777,0.8048780487804879,1.15
en-nl,50.0-120.0,0,224740,0.30413357340333086,0.1,9.902439024390244,0.9563318642881765,0.9636363636363636,0.7808219178082192,1.1111111111111112
en-nl,120.0-500.0,0,88356,0.25935005757673235,0.1,9.328703703703704,1.054645837787778,1.0628930817610063,0.948051948051948,1.1683717301353531
en-nl,500.0-∞,0,1186,0.2587436067799186,0.11642743221690591,2.6576271186440676,0.9787618207049018,1.04208908437014,0.912630268765031,1.1299189460232033
en-nn,0.0-20.0,0,281415,0.9307160756443286,0.10526315789473684,10.0,1.3337816939345941,1.0,1.0,1.3333333333333333
en-nn,20.0-50.0,0,144903,0.35325750025664326,0.1,9.44,1.067686071470899,1.0357142857142858,0.9032258064516129,1.183673469387755
en-nn,50.0-120.0,0,42951,0.26121473619137386,0.1,7.8,0.9990126452621316,1.0,0.8873239436619719,1.1111111111111112
en-nn,120.0-500.0,0,13684,0.20702727200887114,0.10062893081761007,4.304,0.9951786633453876,0.9922026994163424,0.9064748201438849,1.0774647887323943
en-nn,500.0-∞,0,590,0.1723105098878871,0.11605723370429252,1.7145669291338583,0.9737090195490251,0.982716561566545,0.8973875585232942,1.0504886085696168
en-no,0.0-20.0,0,297354,0.653929620638906,0.1,10.0,1.1665869766377488,1.0,0.8571428571428571,1.2941176470588236
en-no,20.0-50.0,0,489067,0.28793424573658616,0.1,7.476190476190476,0.8934858279819986,0.8846153846153846,0.7142857142857143,1.0444444444444445
en-no,50.0-120.0,0,197146,0.23742590185829807,0.1,4.511904761904762,0.7677579832435412,0.7777777777777778,0.6,0.9298245614035088
en-no,120.0-500.0,0,15323,0.21236327541017613,0.1032258064516129,2.289855072463768,0.7335072014161572,0.7518796992481203,0.5793650793650794,0.8888888888888888
en-no,500.0-∞,0,17,0.2246110220701716,0.12481426448736999,0.8120617110799438,0.4994130107766341,0.4442307692307692,0.3657587548638132,0.7325581395348837
en-oc,0.0-20.0,0,28024,1.7682924925276122,0.1,10.0,1.9643912744165088,1.25,1.0,2.1538461538461537
en-oc,20.0-50.0,0,5446,0.5521655726444492,0.10204081632653061,7.541666666666667,1.0554147573433752,1.0863354037267081,0.7037037037037037,1.32
en-oc,50.0-120.0,0,1104,0.48786319222174446,0.1,4.128205128205129,0.8378045455775103,1.0196078431372548,0.28777472527472525,1.1712355212355212
en-oc,120.0-500.0,0,156,0.48060824836066424,0.10062893081761007,1.9796954314720812,0.6333936152105297,0.4029904801324503,0.1745564346939999,1.1025925925925926
en-oc,500.0-∞,0,2,0.0406083325767612,0.11605723370429252,0.1734860883797054,0.14477166104199896,0.14477166104199896,0.13041444737314573,0.1591288747108522
en-or,0.0-20.0,0,8444,1.2956787891291346,0.15384615384615385,10.0,1.7565512715717195,1.3717105263157894,1.0,1.9419934640522876
en-or,20.0-50.0,0,4037,0.43227644218352945,0.10416666666666667,9.619047619047619,1.186852479291939,1.1481481481481481,0.9655172413793104,1.3636363636363635
en-or,50.0-120.0,0,1289,0.30874048380193597,0.1,4.128205128205129,1.0249709903010034,1.0634920634920635,0.9074074074074074,1.1851851851851851
en-or,120.0-500.0,0,330,0.2992476674517795,0.10067114093959731,1.6736111111111112,0.8740988317673338,0.9204545454545454,0.7146614979925239,1.0811369000786781
en-or,500.0-∞,0,2,0.09807306257788449,1.0,1.1386962552011095,1.0693481276005548,1.0693481276005548,1.0346740638002774,1.1040221914008321
en-pa,0.0-20.0,0,69323,1.162540684176384,0.1111111111111111,10.0,1.4025427670457393,1.0,0.8461538461538461,1.411764705882353
en-pa,20.0-50.0,0,29213,0.4555405018953656,0.1,9.714285714285714,0.9793475817102609,0.9375,0.782608695652174,1.0833333333333333
en-pa,50.0-120.0,0,6624,0.308574454308355,0.1,4.211538461538462,0.891471684977566,0.9117647058823529,0.7846153846153846,1.0303030303030303
en-pa,120.0-500.0,0,1012,0.28410910060498473,0.10062893081761007,2.3093525179856114,0.8631480192609173,0.9404433497536946,0.8259868421052632,1.0149253731343284
en-pa,500.0-∞,0,23,0.2895818876440713,0.1102803738317757,1.1030534351145038,0.8428296716103276,0.9186390532544378,0.8743389955226301,1.0
en-pl,0.0-20.0,0,286605,0.7505722947173723,0.1,10.0,1.2034790871906567,1.0,0.8666666666666667,1.3157894736842106
en-pl,20.0-50.0,0,453405,0.3447121198802922,0.1,9.826086956521738,0.9376224479935305,0.9117647058823529,0.7307692307692307,1.0952380952380953
en-pl,50.0-120.0,0,204620,0.2808289809128353,0.1,8.125,0.8792545275164766,0.8902439024390244,0.7169811320754716,1.0384615384615385
en-pl,120.0-500.0,0,52551,0.23243827452288213,0.1,8.01840490797546,0.9729491771801916,0.9921875,0.8785714285714286,1.0939226519337018
en-pl,500.0-∞,0,943,0.16452456082991662,0.1554054054054054,1.8785046728971964,0.9852731263334662,1.009478672985782,0.9255629275449988,1.0779408099688474
en-ps,0.0-20.0,0,52781,0.8007127222533372,0.1111111111111111,10.0,1.0894525426699313,0.9411764705882353,0.7777777777777778,1.1176470588235294
en-ps,20.0-50.0,0,23580,0.28798302541464954,0.1,9.571428571428571,0.8908357207544825,0.8611111111111112,0.7297297297297297,1.0
en-ps,50.0-120.0,0,2396,0.2297511441545417,0.1,1.9811320754716981,0.7901612627896595,0.8032786885245902,0.6481481481481481,0.9491525423728814
en-ps,120.0-500.0,0,151,0.32723479919908766,0.10606060606060606,1.3666666666666667,0.7645337900222976,0.9052631578947369,0.5991379310344828,1.0352112676056338
en-pt,0.0-20.0,0,280165,0.6256614155703205,0.1,10.0,1.1830426439124784,1.0625,0.9,1.3125
en-pt,20.0-50.0,0,406758,0.3212851821232427,0.1,9.95,0.9991087526812932,0.9791666666666666,0.8260869565217391,1.1363636363636365
en-pt,50.0-120.0,0,205809,0.2780287382138217,0.1,9.44,0.9914493732034958,0.9850746268656716,0.8571428571428571,1.109375
en-pt,120.0-500.0,0,104343,0.21328103382685318,0.1,6.64,1.0386707579378485,1.0398009950248757,0.9508196721311475,1.1304347826086956
en-pt,500.0-∞,0,1689,0.22298916658855442,0.11530815109343936,3.2038327526132404,0.9819991979726034,1.0261832829808661,0.9318568994889267,1.0928571428571427
en-ru,0.0-20.0,0,247983,0.6668300103501256,0.1,10.0,1.153535185582806,1.0,0.8571428571428571,1.2666666666666666
en-ru,20.0-50.0,0,384073,0.38132591943080946,0.1,10.0,0.9910699506285291,0.9705882352941176,0.8,1.1162790697674418
en-ru,50.0-120.0,0,207556,0.36765813661677227,0.1,9.901960784313726,1.0015929409639632,0.9827586206896551,0.8367346938775511,1.12
en-ru,120.0-500.0,0,154171,0.26410919732474375,0.1,7.291666666666667,1.025704343125273,1.032520325203252,0.9184867793376039,1.1511627906976745
en-ru,500.0-∞,0,4063,0.2904348184753661,0.10159362549800798,2.4120481927710844,0.9212894389244306,1.0155038759689923,0.8010865315817037,1.1000910746812387
en-rw,0.0-20.0,0,68439,1.1757039165373142,0.1,10.0,1.467899030931678,1.1578947368421053,0.8333333333333334,1.6875
en-rw,20.0-50.0,0,61517,0.4339660954877488,0.1,9.488888888888889,0.7727543782567904,0.7291666666666666,0.5,0.96875
en-rw,50.0-120.0,0,24971,0.3228030799513899,0.1,9.901960784313726,0.6633932660146081,0.6373626373626373,0.463768115942029,0.8235294117647058
en-rw,120.0-500.0,0,12747,0.21982546471872164,0.1,3.3878787878787877,0.6923519775244716,0.6885245901639344,0.5546558704453441,0.819047619047619
en-rw,500.0-∞,0,558,0.16465856626543532,0.10427350427350428,1.0870445344129556,0.6680760650072136,0.6799621212121212,0.5771501577329323,0.7732289501597863
en-si,0.0-20.0,0,353931,0.6748492852068809,0.1,10.0,1.2336540186053846,1.105263157894737,0.8947368421052632,1.375
en-si,20.0-50.0,0,463455,0.30907216949232363,0.1,7.6,0.9990105859568889,0.9736842105263158,0.8095238095238095,1.15625
en-si,50.0-120.0,0,151218,0.247604556107521,0.1,5.256410256410256,0.9065438833763851,0.9107142857142857,0.7592592592592593,1.0576923076923077
en-si,120.0-500.0,0,8397,0.2408048520330727,0.1,1.6290322580645162,0.779819078256238,0.8048780487804879,0.6190476190476191,0.9562841530054644
en-si,500.0-∞,0,36,0.10545311693061998,0.6725838264299803,1.0634390651085142,0.9057384688402619,0.9157970951658356,0.8523730493641848,0.9972776769509981
en-sk,0.0-20.0,0,302077,0.6007880311664279,0.1,10.0,1.112382554168317,1.0,0.8571428571428571,1.2142857142857142
en-sk,20.0-50.0,0,405403,0.30156169711913744,0.1,9.71875,0.9318969132677439,0.9130434782608695,0.76,1.0681818181818181
en-sk,50.0-120.0,0,193682,0.23645123084163244,0.1,8.93939393939394,0.9154379685343489,0.9157894736842105,0.7938144329896907,1.0307692307692307
en-sk,120.0-500.0,0,95851,0.16273659027288323,0.10062893081761007,5.494736842105263,0.9460907131933588,0.9444444444444444,0.8649576360691905,1.0245901639344261
en-sk,500.0-∞,0,1637,0.15813793560745082,0.10504201680672269,1.9536178107606679,0.9253106085299513,0.9469026548672567,0.8828696925329429,1.00354609929078
en-sl,0.0-20.0,0,296437,0.6335360353455473,0.1,10.0,1.0792280716739047,1.0,0.7777777777777778,1.2
en-sl,20.0-50.0,0,444747,0.3037974165294176,0.1,9.232558139534884,0.8536957772759173,0.8387096774193549,0.6666666666666666,1.0
en-sl,50.0-120.0,0,200204,0.265731096327416,0.1,9.919354838709678,0.8051150051459102,0.8111111111111111,0.6448598130841121,0.9540229885057471
en-sl,120.0-500.0,0,56390,0.20911136911939252,0.10106382978723404,8.555555555555555,0.8809860383139503,0.8926553672316384,0.7970297029702971,0.9833333333333333
en-sl,500.0-∞,0,792,0.1777549145708663,0.10014947683109118,2.3658892128279883,0.8807304038003781,0.8973762423861916,0.8357369081528992,0.9683436795453844
en-sq,0.0-20.0,0,306279,0.6022130690143227,0.1,10.0,1.1577001028206675,1.0,0.8666666666666667,1.3
en-sq,20.0-50.0,0,411523,0.32029792876126617,0.1,9.65,0.9928808753592673,0.9767441860465116,0.8,1.1538461538461537
en-sq,50.0-120.0,0,197528,0.2514439243849542,0.1,4.69811320754717,0.9734589203499668,0.9888888888888889,0.8421052631578947,1.1126760563380282
en-sq,120.0-500.0,0,83063,0.17197809839166303,0.1015625,3.22962962962963,1.0064364474081147,1.0256410256410255,0.9395973154362416,1.1006711409395973
en-sq,500.0-∞,0,525,0.21105576332459702,0.11058823529411765,1.3345794392523365,0.9666545467699058,1.039344262295082,0.961082910321489,1.087179487179487
en-sr,0.0-20.0,0,315337,0.6130433464900688,0.1,10.0,1.0974388084458022,1.0,0.8125,1.2105263157894737
en-sr,20.0-50.0,0,481520,0.2848167102288028,0.1,7.678571428571429,0.8950644069874661,0.88,0.725,1.04
en-sr,50.0-120.0,0,184392,0.22610299236761622,0.1,4.280701754385965,0.8336104343787032,0.8461538461538461,0.7023809523809523,0.9701492537313433
en-sr,120.0-500.0,0,17679,0.20469453476032615,0.1,3.4122448979591837,0.8460617545071821,0.8731343283582089,0.7411764705882353,0.9783001098728614
en-sr,500.0-∞,0,31,0.17813808194499417,0.32532347504621073,1.091743119266055,0.9467440648202768,0.9896296296296296,0.9420345324600643,1.0426496527394995
en-sv,0.0-20.0,0,257940,0.6652687844145886,0.1,10.0,1.1791205437287136,1.0,0.8888888888888888,1.2857142857142858
en-sv,20.0-50.0,0,408378,0.3322076520151026,0.1,9.952380952380953,0.9224542323074677,0.9090909090909091,0.7368421052631579,1.0714285714285714
en-sv,50.0-120.0,0,223115,0.3027989907331762,0.1,9.490196078431373,0.8545021124606761,0.8653846153846154,0.671875,1.0112359550561798
en-sv,120.0-500.0,0,107423,0.20936116475723418,0.1,6.8321678321678325,0.9556727410900807,0.9692307692307692,0.8780487804878049,1.054263565891473
en-sv,500.0-∞,0,1570,0.1771251295363332,0.11071428571428571,1.9217970049916806,0.9347680944689447,0.965966422683904,0.8975040295447788,1.02228970490426
en-ta,0.0-20.0,0,75782,1.4360364029663701,0.1,10.0,1.7499135798977565,1.3076923076923077,1.0,1.8
en-ta,20.0-50.0,0,62392,0.5053832720436345,0.1,9.945945945945946,1.2887889076267625,1.2,1.0,1.46875
en-ta,50.0-120.0,0,45142,0.4156843922875094,0.1,8.365217391304348,1.3719574437537239,1.3333333333333333,1.0865384615384615,1.625
en-ta,120.0-500.0,0,41143,0.30432023387889856,0.10062893081761007,3.4306569343065694,1.3793267434002852,1.385,1.2011021374787467,1.5691056910569106
en-ta,500.0-∞,0,991,0.3074367189425448,0.12427184466019417,2.0834752981260647,1.2773976953131962,1.3245614035087718,1.1145403030916299,1.4686569370531635
en-te,0.0-20.0,0,32399,0.8608394697785368,0.15789473684210525,10.0,1.3607545419103715,1.1538461538461537,1.0,1.4615384615384615
en-te,20.0-50.0,0,25076,0.3173754571477766,0.1,9.714285714285714,1.089612247766445,1.064516129032258,0.9047619047619048,1.2333333333333334
en-te,50.0-120.0,0,6227,0.22416327763643817,0.1,4.128205128205129,1.0290833157601968,1.0350877192982457,0.9156626506024096,1.1508141638666323
en-te,120.0-500.0,0,406,0.3011460532763982,0.10067114093959731,1.536,0.8413516438860267,0.9300391389432485,0.6804131054131054,1.062992125984252
en-te,500.0-∞,0,8,0.18210602917523705,0.6017543859649123,1.2393162393162394,0.9971645097150992,1.0066568047337277,0.9764168676245404,1.0812580028666985
en-tg,0.0-20.0,0,57359,1.591567609830885,0.1111111111111111,10.0,1.8846183846079445,1.3157894736842106,1.0,2.0
en-tg,20.0-50.0,0,44926,0.4640655371556026,0.1,9.857142857142858,1.096028915373434,1.0416666666666667,0.8421052631578947,1.2608695652173914
en-tg,50.0-120.0,0,56522,0.253032386281504,0.1,7.065573770491803,0.9109352706111575,0.8953488372093024,0.7564102564102564,1.0517241379310345
en-tg,120.0-500.0,0,33176,0.2070442319430352,0.10062893081761007,4.0,0.8379605185548972,0.8415841584158416,0.7175925925925926,0.9609375
en-tg,500.0-∞,0,270,0.3322836106496809,0.10084033613445378,2.5925233644859813,0.7074030222663206,0.6903622684290536,0.44039537046668586,0.9425500349248682
en-th,0.0-20.0,0,289120,0.7498213521492109,0.1,10.0,1.1456411661629795,1.0,0.7894736842105263,1.25
en-th,20.0-50.0,0,496730,0.30374887703578546,0.1,9.571428571428571,0.8807121233318991,0.85,0.7037037037037037,1.0
en-th,50.0-120.0,0,194900,0.2337435500726948,0.1,4.678571428571429,0.7981134400927659,0.7936507936507936,0.6612903225806451,0.9259259259259259
en-th,120.0-500.0,0,16760,0.2766104555147154,0.1,2.7746478873239435,0.8484791495132273,0.8449612403100775,0.648936170212766,1.0379918822234453
en-th,500.0-∞,0,172,0.19553351630176297,0.21568627450980393,1.3339920948616601,0.9928371889164284,1.0376798449931979,0.9163766812636847,1.1132509495533087
en-tk,0.0-20.0,0,8011,0.5388560246670335,0.15384615384615385,9.571428571428571,1.128833820270508,1.0,0.8571428571428571,1.3076923076923077
en-tk,20.0-50.0,0,3925,0.3627005218664444,0.10638297872340426,5.0476190476190474,0.9808344049476068,0.9583333333333334,0.8043478260869565,1.0952380952380953
en-tk,50.0-120.0,0,936,0.23991505921771636,0.14516129032258066,1.8412698412698412,0.8268722516084949,0.8360655737704918,0.6984126984126984,0.9607843137254902
en-tk,120.0-500.0,0,189,0.17735474230331694,0.4696969696969697,1.145985401459854,0.8867481417493676,0.9202898550724637,0.7734375,1.0161290322580645
en-tk,500.0-∞,0,4,0.0,1.0082720588235294,1.0082720588235294,1.0082720588235294,1.0082720588235294,1.0082720588235294,1.0082720588235294
en-tr,0.0-20.0,0,324367,0.6245748687674849,0.1,10.0,1.1926624932730845,1.0588235294117647,0.875,1.3333333333333333
en-tr,20.0-50.0,0,478221,0.2979720169827069,0.1,9.38888888888889,0.9685408127444601,0.9459459459459459,0.7894736842105263,1.1111111111111112
en-tr,50.0-120.0,0,176770,0.23528429701392398,0.1,7.0131578947368425,0.9121471012768115,0.9090909090909091,0.7798165137614679,1.0375
en-tr,120.0-500.0,0,19590,0.2120176587937795,0.10606060606060606,2.9393939393939394,0.9040146456333482,0.9111111111111111,0.7903225806451613,1.0266666666666666
en-tr,500.0-∞,0,87,0.24987515394597876,0.14334470989761092,1.291588785046729,0.8182938177904933,0.8516579406631762,0.6535493827160493,0.9962352661530502
en-tt,0.0-20.0,0,4318,1.4368845132233063,0.1111111111111111,9.944444444444445,1.6520813279548403,1.1111111111111112,0.9230769230769231,1.6666666666666667
en-tt,20.0-50.0,0,21757,1.0603724888340498,0.10204081632653061,9.944444444444445,1.8292000401024964,1.5555555555555556,1.1395348837209303,2.1714285714285713
en-tt,50.0-120.0,0,44383,0.6092805150025747,0.11206896551724138,9.224137931034482,1.4540452619417255,1.3214285714285714,1.0588235294117647,1.7017543859649122
en-tt,120.0-500.0,0,30059,0.37625844148837195,0.10606060606060606,5.688,1.2189295172553063,1.1697530864197532,0.971830985915493,1.4113475177304964
en-tt,500.0-∞,0,162,0.30621804176542655,0.22436849925705796,1.7615526802218116,0.8321187316609118,0.8167977009440424,0.6017909146369538,1.0490008443568815
en-ug,0.0-20.0,0,3763,0.8074061570855857,0.375,9.9,1.2614774493964303,1.0,1.0,1.2
en-ug,20.0-50.0,0,13031,1.0019664272598692,0.21621621621621623,10.0,1.5854107900868986,1.2826086956521738,1.0,1.8181818181818181
en-ug,50.0-120.0,0,24534,0.6211699231509917,0.10526315789473684,9.655172413793103,1.3925844812574812,1.2592592592592593,1.0092592592592593,1.6195411696806465
en-ug,120.0-500.0,0,30130,0.36333743196458496,0.12056737588652482,5.1328671328671325,1.249081016977768,1.2038216560509554,1.0093059367326305,1.4339622641509433
en-ug,500.0-∞,0,683,0.2677436245534272,0.20722135007849293,1.992412746585736,1.1777610280897517,1.1831971995332555,1.0303866085273885,1.3574911500687261
en-uk,0.0-20.0,0,363803,0.7966025090787113,0.1,10.0,1.2292783673205818,1.0,0.8571428571428571,1.3333333333333333
en-uk,20.0-50.0,0,453144,0.3301079025854976,0.1,9.476190476190476,0.9668086043896216,0.9411764705882353,0.7741935483870968,1.1153846153846154
en-uk,50.0-120.0,0,155527,0.2587299804746647,0.1,7.381818181818182,0.9225031026825147,0.9238095238095239,0.7818181818181819,1.0609756097560976
en-uk,120.0-500.0,0,24072,0.2587101549790129,0.1,3.3705583756345177,1.0287321223428296,1.043256237006237,0.8939393939393939,1.189413875598086
en-uk,500.0-∞,0,1005,0.13242504319936022,0.40347826086956523,1.803921568627451,1.1417624790680974,1.1364421416234887,1.0555555555555556,1.2215909090909092
en-ur,0.0-20.0,0,25676,0.8388630646827318,0.1,10.0,1.242436248877075,1.0,0.8571428571428571,1.4
en-ur,20.0-50.0,0,134147,0.45118803817152586,0.1,10.0,1.0911277835046584,1.0212765957446808,0.8333333333333334,1.25
en-ur,50.0-120.0,0,267566,0.31050252500458203,0.1,9.653846153846153,0.9868919304498643,0.9545454545454546,0.7972972972972973,1.1333333333333333
en-ur,120.0-500.0,0,318791,0.2397087911804399,0.10052910052910052,9.888198757763975,0.959348739502955,0.9424460431654677,0.8157894736842105,1.0833333333333333
en-ur,500.0-∞,0,7277,0.21323861907754288,0.15816993464052287,1.8294573643410852,0.8983141891078105,0.8923076923076924,0.7775862068965518,1.0164835164835164
en-uz,0.0-20.0,0,37129,1.2591294555288477,0.1,10.0,1.696048683064724,1.3333333333333333,1.0,1.875
en-uz,20.0-50.0,0,46389,1.3653901866010765,0.1,10.0,1.6178328672717321,1.1666666666666667,0.9333333333333333,1.565217391304348
en-uz,50.0-120.0,0,60199,0.7716866714961977,0.1,9.56,1.3196907971449547,1.05,0.85,1.5245901639344261
en-uz,120.0-500.0,0,28187,0.3949201492953299,0.10062893081761007,3.220472440944882,0.9928013510171837,0.9144736842105263,0.7433795291367506,1.1450190839694656
en-uz,500.0-∞,0,123,0.19696038430786914,0.15702479338842976,1.010110294117647,0.4980596432684561,0.4670433145009416,0.35181296009431506,0.6215848274016591
en-vi,0.0-20.0,0,349014,0.6586250119106555,0.1,10.0,1.2504734025824868,1.1,0.9285714285714286,1.4210526315789473
en-vi,20.0-50.0,0,479763,0.337235459641079,0.1,9.8,1.0358860617570818,1.0,0.8333333333333334,1.2
en-vi,50.0-120.0,0,158675,0.26073841907740314,0.1,4.78,0.955820324308504,0.96,0.8113207547169812,1.098360655737705
en-vi,120.0-500.0,0,11024,0.2299298656686806,0.10062893081761007,4.994974874371859,0.9149724972428599,0.9421487603305785,0.802528111976095,1.0422535211267605
en-vi,500.0-∞,0,49,0.08309019887526592,0.7293577981651376,1.2087227414330217,0.9979793830785447,0.9983552631578947,0.9660056657223796,1.0277777777777777
en-wa,0.0-20.0,0,67834,1.0897927981074322,0.1111111111111111,10.0,1.5075895800908772,1.2,1.0,1.6666666666666667
en-wa,20.0-50.0,0,29184,0.48625919988150546,0.10204081632653061,7.8076923076923075,1.2295276929188308,1.1875,1.0,1.4444444444444444
en-wa,50.0-120.0,0,5065,0.41703788855369417,0.1,5.384615384615385,1.0998353768068085,1.1176470588235294,0.953125,1.3018867924528301
en-wa,120.0-500.0,0,1502,0.3328741911763973,0.10062893081761007,2.632768361581921,1.0772672328634105,1.1188119774450709,1.0252634952285997,1.233644859813084
en-wa,500.0-∞,0,20,0.3870109802391471,0.1102803738317757,1.563182527301092,1.0696224874901004,1.0835962530877785,0.9921337408218969,1.3785173146022167
en-xh,0.0-20.0,0,174047,1.1772360545172813,0.1,10.0,1.680095422451825,1.3571428571428572,1.0,1.8461538461538463
en-xh,20.0-50.0,0,111932,0.4709297269496445,0.1,10.0,1.2592181428428817,1.2058823529411764,1.0,1.4782608695652173
en-xh,50.0-120.0,0,105623,0.3066894324458179,0.1,8.010204081632653,1.1001204740545973,1.0694444444444444,0.9238095238095239,1.2461538461538462
en-xh,120.0-500.0,0,45469,0.22544179614785445,0.1,3.4,1.0395662545457227,1.0240963855421688,0.903448275862069,1.1607142857142858
en-xh,500.0-∞,0,253,0.3277517896955323,0.1359026369168357,2.5046728971962615,1.0231977144855458,1.063063063063063,0.9562841530054644,1.1798418972332017
en-yi,0.0-20.0,0,7965,1.239398889666811,0.1111111111111111,10.0,1.6222930712014776,1.2727272727272727,1.0,1.7692307692307692
en-yi,20.0-50.0,0,5105,0.3091565611711233,0.10204081632653061,2.3333333333333335,1.0977602134972437,1.1,0.9393939393939394,1.2666666666666666
en-yi,50.0-120.0,0,1773,0.2249248894632897,0.1134020618556701,1.528301886792453,1.0443787836673524,1.0769230769230769,0.9473684210526315,1.1730769230769231
en-yi,120.0-500.0,0,110,0.18883974725628444,0.10880829015544041,1.4228187919463087,0.9854047302530209,0.9590163934426229,0.9398496240601504,1.0542168674698795
en-yo,0.0-20.0,0,5633,0.7324692942081092,0.23076923076923078,6.333333333333333,1.5776045014790776,1.4736842105263157,1.0,1.875
en-yo,20.0-50.0,0,3511,0.40340517178570723,0.25,5.0476190476190474,1.3356789630419112,1.2916666666666667,1.0,1.565217391304348
en-yo,50.0-120.0,0,708,0.2759935133202492,0.2571428571428571,1.98,1.262387648750551,1.2285714285714286,1.1147540983606556,1.4814814814814814
en-yo,120.0-500.0,0,490,0.27463135534536914,0.10880829015544041,2.0476190476190474,1.1909099797314204,1.2080536912751678,1.0529801324503312,1.3932584269662922
en-yo,500.0-∞,0,17,0.12440795873924812,1.0082720588235294,1.4143126177024483,1.3081008200887534,1.303921568627451,1.303921568627451,1.4143126177024483
en-zh,0.0-20.0,0,176354,0.5426569950687576,0.1,10.0,0.563295776173526,0.42857142857142855,0.3333333333333333,0.6
en-zh,20.0-50.0,0,286113,0.2895320290537651,0.1,9.954545454545455,0.38877682122354107,0.32558139534883723,0.25925925925925924,0.41379310344827586
en-zh,50.0-120.0,0,212363,0.19717980573423893,0.1,9.584070796460177,0.325215230104543,0.2903225806451613,0.24299065420560748,0.34951456310679613
en-zh,120.0-500.0,0,308863,0.10429691510096027,0.1,9.69047619047619,0.28498786132672294,0.26865671641791045,0.24022346368715083,0.3048128342245989
en-zh,500.0-∞,0,10171,0.2598168038758873,0.10017574692442882,9.817528735632184,0.29536304918431894,0.2591362126245847,0.236279316146991,0.29307434398938276
en-zu,0.0-20.0,0,19975,0.6388477627878406,0.1111111111111111,9.8,1.444375276311522,1.3333333333333333,1.0,1.6666666666666667
en-zu,20.0-50.0,0,13579,0.32753503993104366,0.10204081632653061,4.3,1.2005758538052582,1.1724137931034482,1.0,1.3647450110864745
en-zu,50.0-120.0,0,3795,0.21550135822521838,0.1320754716981132,1.8615384615384616,1.0504912315217325,1.05,0.921875,1.1829268292682926
en-zu,120.0-500.0,0,1157,0.1638771812307125,0.10606060606060606,1.7142857142857142,1.0492382730116951,1.0522388059701493,0.9629629629629629,1.1187214611872147
en-zu,500.0-∞,0,39,0.15182895296087945,0.6911898274296094,1.2090395480225988,1.03961923267008,1.084313725490196,1.0178333220994156,1.1051238172707252
en-ne,0.0-20.0,0,241909,1.0320428465539913,0.10526315789473684,10.0,1.3946146349515522,1.1111111111111112,0.9166666666666666,1.5
en-ne,20.0-50.0,0,120887,0.36973297393580584,0.1,9.772727272727273,1.1159159053828658,1.0789473684210527,0.9117647058823529,1.28
en-ne,50.0-120.0,0,33080,0.24407203306602346,0.1,5.89873417721519,1.0251464833565544,1.0188679245283019,0.8983050847457628,1.1428571428571428
en-ne,120.0-500.0,0,8247,0.18129468253933553,0.1,2.56390977443609,1.022649948691837,1.034013605442177,0.944854737985338,1.1122844827586207
en-ne,500.0-∞,0,277,0.24660063963691647,0.13035714285714287,3.768107476635514,0.9985572960454518,1.0035650623885919,0.9245283018867925,1.0770577933450087
en-ro,0.0-20.0,0,320698,0.5695527775479846,0.1,10.0,1.1274867340026913,1.0,0.8571428571428571,1.25
en-ro,20.0-50.0,0,457232,0.29743704726141124,0.1,9.9375,0.9733179995578426,0.9583333333333334,0.8,1.121212121212121
en-ro,50.0-120.0,0,188598,0.23116717788654573,0.1,9.564516129032258,0.959687455440697,0.9809523809523809,0.84,1.0786516853932584
en-ro,120.0-500.0,0,31800,0.19684360534362524,0.1,7.36551724137931,1.0174213835102286,1.031496062992126,0.9285714285714286,1.1239669421487604
en-ro,500.0-∞,0,392,0.1580531245396559,0.19607843137254902,1.8062622309197651,1.024951954312945,1.0476627348186982,0.9762461467485897,1.1039791544905513
en-sh,0.0-20.0,0,53171,0.46159297172857966,0.16666666666666666,10.0,1.1321277955634916,1.0,0.9375,1.2222222222222223
en-sh,20.0-50.0,0,53790,0.2861818137080498,0.12121212121212122,9.423076923076923,1.029271862097355,1.0,0.8709677419354839,1.1290322580645162
en-sh,50.0-120.0,0,63549,0.22875937748583983,0.1,9.5,0.9717296056692218,0.9508196721311475,0.8591549295774648,1.0547945205479452
en-sh,120.0-500.0,0,94151,0.1436852007465891,0.1,7.767605633802817,0.9470094256042941,0.9411764705882353,0.8697250553127192,1.0158730158730158
en-sh,500.0-∞,0,2326,0.14474090938296788,0.10148849797023005,2.191073919107392,0.923898722372255,0.9342011143739176,0.8799311248747141,0.9875548114486168
en-se,0.0-20.0,0,25076,1.3460628327749486,0.1111111111111111,10.0,1.9319326864338757,1.5,1.0666666666666667,2.2857142857142856
en-se,20.0-50.0,0,7531,0.6532573284923928,0.10204081632653061,9.88,1.138253583376,1.0810810810810811,0.8571428571428571,1.3
en-se,50.0-120.0,0,2008,0.43828216978326867,0.1,3.9827586206896552,0.7924864797726435,0.8814749780509219,0.37812340642529324,1.07
en-se,120.0-500.0,0,605,0.42158208938256003,0.10062893081761007,2.4277777777777776,0.8035863236309965,0.9125964010282777,0.4552238805970149,1.0495049504950495
en-se,500.0-∞,0,11,0.3472572508158126,0.11605723370429252,1.274703557312253,0.846812255737481,0.8906810035842294,0.8185007497387273,1.0585062516322052
